fwatson3,Frances,Watson,student26,fwatson3@hc360.com,Female,10/16/1987,7960 Sutherland Avenue,Toledo,Ohio,,,,
creid3,Cynthia,Reid,student27,creid3@hhs.gov,Female,5/22/1992,7 Hazelcrest Street,Jefferson City,Missouri,,,,
rlynh3,Ronald,Lynch,student28,rlynh3@smh.com.au,Male,2/22/1995,70026 Loomis Court,Columbus,Ohio,,,,
acook3,Anthony,Cook,student29,acook3@amazon.co.jp,Male,4/4/1988,9 Bunker Hill Road,Dayton,Ohio,,,,
athomas3,Alan,Thomas,student30,athomas3@home.pl,Male,6/9/1994,41061 Center Crossing,San Bernardino,California,,,,
sperkins3,Sharon,Perkins,student31,sperkins3@chronoengine.com,Female,8/31/1986,03 Lighthouse Bay Road,Houston,Texas,,,,
jgomez3,Jerry,Gomez,student32,jgomez3@nytimes.com,Male,8/7/1986,56 Lindbergh Parkway,Cincinnati,Ohio,,,,
bbutler3,Betty,Butler,student33,bbutler3@twitpic.com,Female,7/20/1989,8835 Columbus Road,Washington,District of Columbia,,,,
rflores3,Ronald,Flores,student34,rflores3@blinklist.com,Male,8/18/1989,931 Raven Parkway,Spartanburg,South Carolina,,,,
ohenry3,Henry,Oliver,student35,ohenry3@prlog.org,Male,8/12/1991,33477 Corscot Street,Tampa,Florida,,,,
bthomas3,Thomas,Brown,student36,bthomas3@deviantart.com,Male,9/16/1984,1 Melvin Park,Santa Fe,New Mexico,,,,
fpamela3,Pamela,Franklin,student37,fpamela3@soundcloud.com,Female,12/24/1989,5 Mallory Junction,Youngstown,Ohio,,,,
swood3,Stephanie,Wood,student38,swood3@nbcnews.com,Female,9/23/1995,2631 Cordelia Trail,Reno,Nevada,,,,
atimothy3,Timothy,Adams,student39,atimothy3@blogger.com,Male,5/13/1994,78 Johnson Pass,Minneapolis,Minnesota,,,,
wlinda3,Linda,Wagner,student40,wlinda3@ow.ly,Female,7/5/1995,93778 Melody Drive,Albany,Georgia,,,,
wlaura3,Laura,Wilson,student41,wlaura3@walmart.com,Female,10/1/1992,59908 Reinke Street,Richmond,Virginia,,,,
jtheresa3,Theresa,Jordan,student42,jtheresa3@flavors.me,Female,10/31/1990,9526 Ridgeway Alley,Boston,Massachusetts,,,,
llewis3,Lois,Lewis,student43,llewis3@cam.ac.uk,Female,2/28/1985,7 Laurel Parkway,San Antonio,Texas,,,,
gbryant3,Gregory,Bryant,student44,gbryant3@behance.net,Male,6/2/1992,64321 Bayside Park,Garden Grove,California,,,,
plawson3,Phyllis,Lawson,student45,plawson3@businesswire.com,Female,5/3/1995,76283 Loftsgordon Avenue,Des Moines,Iowa,,,,
njame3,Norma,James,student46,njame3@cpanel.net,Female,5/16/1987,929 Sherman Plaza,New York City,New York,,,,
lwilliamso3,Lisa,Williamson,student47,lwilliamso3@hao123.com,Female,8/28/1986,21 La Follette Avenue,Hartford,Connecticut,,,,
rdouglas3,Douglas,Romero,student48,rdouglas3@jimdo.com,Male,3/10/1987,5 Alpine Place,South Bend,Indiana,,,,
bpatrick3,Patrick,Berry,student49,bpatrick3@phpbb.com,Male,7/20/1986,9381 Fairview Terrace,Tacoma,Washington,,,,
gdebra3,Debra,Gilbert,student50,gdebra3@phpbb.com,Female,4/11/1987,74312 Morningstar Parkway,Panama City,Florida,,,,
slong3,Shirley,Long,student51,slong3@ehow.com,Female,1/28/1991,99 Maywood Place,Vancouver,Washington,,,,
grobin3,Robin,Gordon,student52,grobin3@independent.co.uk,Female,12/25/1994,98815 Orin Street,Hartford,Connecticut,,,,
lruby3,Ruby,Lane,student53,lruby3@networkadvertising.org,Female,11/10/1994,6 Sunfield Crossing,Macon,Georgia,,,,
cjean3,Jean,Castillo,student54,cjean3@mtv.com,Female,6/1/1989,272 Luster Parkway,Saint Paul,Minnesota,,,,
cjonathan3,Jonathan,Carter,student55,cjonathan3@yahoo.com,Male,12/16/1986,30 Mockingbird Road,Buffalo,New York,,,,
hlawrence3,Lawrence,Harvey,student56,hlawrence3@prlog.org,Male,9/6/1989,18 Calypso Hill,Seattle,Washington,,,,
psusan3,Susan,Peters,student57,psusan3@macromedia.com,Female,4/29/1986,07 Barby Center,Phoenix,Arizona,,,,
fjoshua3,Joshua,Fuller,student58,fjoshua3@prweb.com,Male,2/26/1996,32905 Mccormick Alley,Arlington,Texas,,,,
rsandra3,Sandra,Ray,student59,rsandra3@java.com,Female,5/6/1985,6078 Dottie Parkway,Corpus Christi,Texas,,,,
prachel3,Rachel,Powell,student60,prachel3@uiuc.edu,Female,1/9/1994,25603 Westend Center,Jackson,Tennessee,,,,
dmills3,Donald,Mills,student61,dmills3@1und1.de,Male,4/15/1985,46 Burrows Avenue,Fort Worth,Texas,,,,
gcyntiea3,Cynthia,Garza,student62,gcyntiea3@rediff.com,Female,6/28/1990,94 Riverside Parkway,Los Angeles,California,,,,
dixond3,Dorothy,Dixon,student63,dixond3@w3.org,Female,6/7/1984,5711 Beilfuss Center,Loretto,Minnesota,,,,
jscott3,Jimmy,Scott,student64,jscott3@psu.edu,Male,6/15/1993,64126 Rowland Trail,Norwalk,Connecticut,,,,
mmildred3,Mildred,Martinez,student65,mmildred3@diigo.com,Female,12/23/1989,00 Anzinger Pass,Garden Grove,California,,,,
rharvey3,Ruth,Harvey,student66,rharvey3@vistaprint.com,Female,11/16/1995,92 Derek Parkway,Minneapolis,Minnesota,,,,
ddean3,Douglas,Dean,student67,ddean3@google.es,Male,11/14/1985,716 Harbort Center,Houston,Texas,,,,
hbishop3,Harold,Bishop,student68,hbishop3@freewebs.com,Male,7/22/1989,858 Dahle Way,Mesquite,Texas,,,,
ssimmons3,Sean,Simmons,student69,ssimmons3@whitehouse.gov,Male,9/23/1988,6987 Northland Pass,Montgomery,Alabama,,,,
onicole3,Nicole,Olson,student70,onicole3@phpbb.com,Female,10/17/1986,16 Heffernan Lane,Amarillo,Texas,,,,
garcial3,Lois,Garcia,student71,garcial3@drupal.org,Female,4/7/1989,5 Delaware Lane,Salt Lake City,Utah,,,,
crodriguez3,Catherine,Rodriguez,student72,crodriguez3@imdb.com,Female,1/2/1990,69 Tennessee Place,Des Moines,Iowa,,,,
theresajam3,Theresa,James,student73,theresajam3@domainmarket.com,Female,3/22/1992,4612 Summerview Road,Tulsa,Oklahoma,,,,
amorris3,Annie,Morris,student74,amorris3@dyndns.org,Female,10/1/1987,9107 Dwight Court,San Antonio,Texas,,,,
rstone3,Rose,Stone,student75,rstone3@sun.com,Female,10/29/1993,27400 Pawling Center,Waterbury,Connecticut,,,,
jjacobs3,Julia,Jacobs,student76,jjacobs3@w3.org,Female,12/1/1988,5253 Meadow Valley Trail,New Orleans,Louisiana,,,,
gphyllis,Phyllis,Gonzalez,student77,gphyllis@e-recht24.de,Female,6/14/1986,1845 Towne Trail,Atlanta,Georgia,,,,
fsandra3,Sandra,Fuller,student78,fsandra3@discuz.net,Female,10/28/1988,705 Summer Ridge Terrace,Austin,Texas,,,,
fearthur3,Arthur,Fernandez,student79,fearthur3@wired.com,Male,7/14/1995,8193 Ryan Street,Orlando,Florida,,,,
dchris3,Chris,Dean,student80,dchris3@guardian.co.uk,Male,2/27/1991,3 Del Sol Plaza,Irvine,California,,,,
csamuel4,Samuel,Cox,student81,csamuel4@bing.com,Male,4/13/1992,489 Nobel Terrace,Independence,Missouri,,,,
jturner4,Judith,Turner,student82,jturner4@salon.com,Female,9/28/1995,2 Village Crossing,Fort Worth,Texas,,,,
bgary4,Gary,Burns,student83,bgary4@tmall.com,Male,5/1/1992,217 Nobel Avenue,Houston,Texas,,,,
dalbert4,Albert,Dunn,student84,dalbert4@dyndns.org,Male,10/23/1995,327 Sage Road,Houston,Texas,,,,
sbarbara4,Barbara,Snyder,student85,sbarbara4@furl.net,Female,4/9/1991,2 Shelley Avenue,Miami,Florida,,,,
tdaniels4,Terry,Daniels,student86,tdaniels4@netlog.com,Male,8/3/1984,39857 Oakridge Lane,Cleveland,Ohio,,,,
cbrian4,Brian,Carter,student87,cbrian4@jalbum.net,Male,5/3/1986,1 Nelson Avenue,Bronx,New York,,,,
jwoods4,Joe,Woods,student88,jwoods4@trellian.com,Male,6/6/1989,25 Monterey Park,Stockton,California,,,,
chayes4,Catherine,Hayes,student89,chayes4@sciencedaily.com,Female,12/10/1995,0 New Castle Drive,Springfield,Illinois,,,,
mchirstine4,Christine,Moreno,student90,mchirstine4@google.co.jp,Female,10/1/1985,6459 Havey Center,Hialeah,Florida,,,,
slarson4,Stephen,Larson,student91,slarson4@blinklist.com,Male,4/1/1990,17 Mesta Point,Sioux Falls,South Dakota,,,,
jellis4,Joshua,Ellis,student92,jellis4@yolasite.com,Male,5/8/1984,896 Forest Avenue,Portland,Oregon,,,,
mhelen4,Helen,Morales,student93,mhelen4@over-blog.com,Female,6/27/1988,827 Nobel Plaza,Washington,District of Columbia,,,,
wralph5,Ralph,Warren,student94,wralph5@techcrunch.com,Male,2/15/1996,2501 Mccormick Hill,New York City,New York,,,,
apeterson5,Ashley,Peterson,student95,apeterson5@addthis.com,Female,1/25/1986,96260 Tony Parkway,Washington,District of Columbia,,,,
bkevin5,Kevin,Bryant,student96,bkevin5@economist.com,Male,5/17/1995,113 Elmside Pass,El Paso,Texas,,,,
rkennedy5,Ronald,Kennedy,student97,rkennedy5@irs.gov,Male,7/10/1988,7 Sommers Plaza,Duluth,Minnesota,,,,
akevin5,Kevin,Armstrong,student98,akevin5@miitbeian.gov.cn,Male,7/16/1995,82 Goodland Parkway,Providence,Rhode Island,,,,
lmatthew5,Matthew,Lewis,student99,lmatthew5@imdb.com,Male,7/5/1995,37647 Canary Way,Peoria,Illinois,,,,
dpowell5,Diane,Powell,student100,dpowell5@ezinearticles.com,Female,1/12/1994,825 8th Hill,Washington,District of Columbia,,,,
